name,구분,lat,lon
부평삼거리역,일반역,37.478267,126.710494
간석오거리역,일반역,37.466921,126.707861
인천시청역,일반역,37.457615,126.702216
예술회관역,일반역,37.449334,126.700991
인천터미널역,일반역,37.441917,126.699727
문학경기장역,일반역,37.434964,126.698373
선학역,일반역,37.426985,126.698872
신연수역,일반역,37.418032,126.693853
원인재역,환승역,37.412364,126.687893
동춘역,일반역,37.404676,126.680835
동막역,일반역,37.398173,126.673561
캠퍼스타운역,일반역,37.388209,126.661985
테크노파크역,일반역,37.382311,126.656355
임학역,일반역,37.545058,126.738642
계산역,일반역,37.543243,126.728436
경인교대입구역,일반역,37.538272,126.722603
작전역,일반역,37.530271,126.722548
갈산역,일반역,37.517124,126.721566
부평구청역,환승역,37.508768,126.720547
부평시장역,일반역,37.498495,126.722282
부평역,환승역,37.490541,126.723437
동수역,일반역,37.485409,126.718464
장산역,일반역,35.169914,129.176986
동대문역사문화공원역,환승역,37.56500251,127.007394
신당역,환승역,37.56582912,127.0181023
상왕십리역,일반역,37.56417104,127.0293524
왕십리역,환승역,37.56152516,127.0375076
한양대역,일반역,37.55522179,127.0434917
뚝섬역,일반역,37.54712239,127.0473648
성수역,일반역,37.5444338,127.0559893
건대입구역,환승역,37.54060889,127.0700628
구의역,일반역,37.53691864,127.0857297
강변역,일반역,37.53487706,127.0946944
잠실나루역,일반역,37.52054808,127.1036977
잠실역,환승역,37.51376934,127.1021882
정평역,일반역,35.8340843,128.7264743
임당역,일반역,35.8343906,128.7408599
영남대역,일반역,35.8363683,128.7507913
칠곡경대병원역,일반역,35.9583939,128.5599142
학 정역,일반역,35.951577,128.5591956
팔 거역,일반역,35.944126,128.5583539
동 천역,일반역,35.9377071,128.5566602
칠곡운암역,일반역,35.9314868,128.5545711
구 암역,일반역,35.9257608,128.5504075
태 전역,일반역,35.9197078,128.5474952
매 천역,일반역,35.9127328,128.5433793
매천시장역,일반역,35.9044626,128.5457614
팔 달역,일반역,35.8978498,128.5467575
공 단역,일반역,35.8919855,128.5536204
만 평역,일반역,35.8898678,128.561021
팔달시장역,일반역,35.8888598,128.567844
안평역,일반역,35.237363,129.171823
고촌역,일반역,35.236031,129.160443699
동부산대학역,일반역,35.232506,129.154024
영산대역,일반역,35.225777,129.146149
석대역,일반역,35.218111615,129.137179
반여농산물시장역,일반역,35.217779,129.124061
금사역,일반역,35.215829,129.115153
서동역,일반역,35.213333,129.107683
명장역,일반역,35.205143,129.101517
충렬사역,일반역,35.199859,129.097636
낙민역,일반역,35.200254,129.090774
수안역,일반역,35.201828,129.083806
동래역(4호선)역,환승역,35.204834,129.077082
미남역(4호선)역,환승역,35.207116,129.069172
대저역,일반역,35.213386,128.961048803
체육공원역,일반역,35.212577,128.9696515
강서구청역,일반역,35.211247,128.981756
구포역,일반역,35.206697,128.996366
덕천역(3호선)역,환승역,35.210215,129.005671
숙등역,일반역,35.21197,129.012749
남산정역,일반역,35.21334,129.023928
만덕역,일반역,35.213,129.036527
미남역(3호선)역,환승역,35.205503,129.068061
사직역,일반역,35.198998,129.064996
종합운동장역,일반역,35.19125,129.067504
거제역,일반역,35.188589,129.073941
연산역(3호선)역,환승역,35.186173,129.081526
물만골역,일반역,35.176808,129.085748
배산역,일반역,35.173504,129.095498
망미역,일반역,35.171528,129.108225
수영역(3호선)역,환승역,35.167753,129.11459
양산역,일반역,35.3387277341,129.026391
남양산역,일반역,35.325359,129.019457
부산대양산캠퍼스역,일반역,35.316955,129.013940831
증산역,일반역,35.308302,129.010246
호포역,일반역,35.280406,129.017097
금곡역,일반역,35.267248,129.016905425
동원역,일반역,35.258656,129.012392
율리역,일반역,35.246714,129.012918
화명역,일반역,35.236278,129.013918
수정역,일반역,35.223356,129.009198
덕천역(2호선)역,환승역,35.210219,129.005673
구명역,일반역,35.20252,128.999322
구남역,일반역,35.196804,128.994928
모라역,일반역,35.189663,128.988655
모덕역,일반역,35.180366,128.985621
덕포역,일반역,35.173754,128.983955
사상역,환승역,35.162361,128.984621
감전역,일반역,35.155528,128.991146
주례역,일반역,35.150508,129.003077
냉정역,일반역,35.151254,129.012255
개금역,일반역,35.153284,129.020533
동의대역,일반역,35.153986,129.03275
가야역,일반역,35.155883,129.042817
부암역,일반역,35.157444,129.050185
서면역(2호선)역,환승역,35.15774,129.059084
전포역,일반역,35.153102,129.065374
국제금융센터부산은행역,일반역,35.145817,129.066755
문현역,일반역,35.139151,129.067399
지게골역,일반역,35.135574,129.074365
못골역,일반역,35.134731,129.084415
대연역,일반역,35.135153,129.092161
경성대부경대역,일반역,35.137585,129.100548
남천역,일반역,35.142139,129.107978
금련산역,일반역,35.149771,129.110961
광안역,일반역,35.157916,129.113168
수영역,환승역,35.165227,129.114713
민락역,일반역,35.167228,129.121909
센텀시티역,일반역,35.168827,129.131745
시립미술관역,일반역,35.168844,129.138933
동백역,일반역,35.161484,129.147897
해운대역,일반역,35.163672,129.158908
중동역,일반역,35.1667,129.168604
장산역,일반역,35.169914,129.176986
노포역,일반역,35.2846865668,129.094967
범어사역,일반역,35.273105,129.092679
남산역,일반역,35.265404,129.092496
두실역,일반역,35.256959,129.091386
구서역,일반역,35.247407,129.091327
장전역,일반역,35.2380909507,129.088111
부산대역,일반역,35.229609,129.089358
온천장역,일반역,35.220249,129.086437
명륜역,일반역,35.212551,129.079659
동래역,일반역,35.205641,129.078506
교대역,일반역,35.19605,129.080035
연산역,환승역,35.186168,129.081534
시청역,일반역,35.179837,129.076642
양정역,일반역,35.173122,129.071366
부전역,일반역,35.162587,129.062952
서면역(1호선)역,환승역,35.158282,129.059556
범내골역,일반역,35.1474,129.059261
범일역,일반역,35.140952,129.059352
좌천역,일반역,35.134361,129.054455
부산진역,일반역,35.127787,129.047894
초량역,일반역,35.121168,129.043039
원 대역,일반역,35.8878671,128.5742706
북구청역,일반역,35.8838928,128.5814795
달성공원역,일반역,35.875779,128.5820904
서문시장역,일반역,35.8697503,128.5822416
청라언덕역,환승역,35.8642709,128.5823466
남 산역,일반역,35.8566997,128.5833577
명 덕역,환승역,35.8569753,128.5900125
건들바위역,일반역,35.8554168,128.599626
대봉교역,일반역,35.8550055,128.6063579
수성시장역,일반역,35.8543308,128.6160342
수성구민운동장역,일반역,35.852561,128.6250845
어린이회관역,일반역,35.8452121,128.6244688
황 금역,일반역,35.8391104,128.6239718
수성못역,일반역,35.8313624,128.6231984
지 산역,일반역,35.8251707,128.631909
범 물역,일반역,35.8208443,128.6400962
용 지역,일반역,35.8182735,128.6465169
부산역,일반역,35.115224,129.0397
중앙역,일반역,35.103837,129.036371
남포역,일반역,35.097953,129.034869
자갈치역,일반역,35.097372,129.02667
토성역,일반역,35.100727,129.019776
동대신역,일반역,35.110452,129.017684
서대신역,일반역,35.110937,129.012178
대티역,일반역,35.103126,128.999936
괴정역,일반역,35.099816,128.992144
사하역,일반역,35.099847,128.9831
당리역,일반역,35.103532,128.973846
하단역,일반역,35.10618,128.966803
녹동역,일반역,35.107028,126.933932
소태역,일반역,35.124108,126.932013
학동증심사입구역,일반역,35.133023,126.928382
남광주역,일반역,35.1478534,126.921807
문화전당역(구도청)역,일반역,35.144698,126.9196731
금남로4가역,일반역,35.150976,126.914446
금남로5가역,일반역,35.1537137,126.910933
양동시장역,일반역,35.154176,126.904489
돌고개역,일반역,35.152047,126.895637
농성역,일반역,35.153563,126.883973
화정역,일반역,35.150381,126.877698
쌍촌역,일반역,35.151793,126.869519
운천역,일반역,35.150486,126.858694
상무역,일반역,35.146784,126.848641
김대중컨벤션센터(마륵)역,일반역,35.143214,126.841442
신평역,일반역,35.095179,128.960564
동매역,일반역,35.048621,128.965908
장림역,일반역,35.057419,128.971279
신장림역,일반역,35.065265,128.979873
낫개역,일반역,35.074433,128.977041
다대포항역,일반역,35.081631,128.977636
다대포해수욕장역,일반역,35.089951,128.973971
서울역,환승역,37.55575305,126.9724563
시청역,환승역,37.56471664,126.9767513
종각역,일반역,37.57020349,126.9829483
종로3가역,환승역,37.57139366,126.9914115
종로5가역,일반역,37.57100685,127.001799
공항역,일반역,35.144179,126.8112104
송정공원역,일반역,35.143565,126.799245
광주송정역,일반역,35.137529,126.791488
도산역,일반역,35.131713,126.787942
평동역,일반역,35.1245829,126.769586
발곡역,일반역,37.7269917,127.0529098
회룡역,환승역,37.7250156,127.0471082
범골역,일반역,37.728796,127.0436639
경전철의정부역,일반역,37.7373859,127.043314
의정부시청역,일반역,37.7392416,127.0348664
흥선역,일반역,37.7432842,127.0371212
의정부중앙역,일반역,37.7436839,127.0496634
동오역,일반역,37.7452685,127.056979
새말역,일반역,37.7488688,127.0637846
경기도청북부청사역,일반역,37.7507731,127.0716075
효자역,일반역,37.7539992,127.0772808
곤제역,일반역,37.7505337,127.083846
어룡역,일반역,37.7426961,127.0852263
송산역,일반역,37.737262,127.0872261
부산원동역,일반역,35.362703,128.920499
임진강역,일반역,37.888364,126.746777
서울역(경의선)역,환승역,37.554713,126.970787
신촌역,일반역,37.559768,126.942308
가좌역,환승역,37.568611,126.914841
효창공원앞역,환승역,37.539289,126.961339
공덕역,환승역,37.542611,126.952134
서강대역,일반역,37.552132,126.935389
홍대입구역,환승역,37.55808,126.925533
디지털미디어시티역,환승역,37.577964,126.900421
수색역,일반역,37.580855,126.895681
화전역,일반역,37.637837,126.832503
강매역,일반역,37.612596,126.845437
행신역,일반역,37.612125,126.834063
능곡역,일반역,37.618741,126.820845
곡산역,일반역,37.645729,126.801877
백마역,일반역,37.658346,126.794401
풍산역,일반역,37.672173,126.786355
일산역,일반역,37.682231,126.769521
탄현역,일반역,37.694114,126.761075
야당역,일반역,37.712749,126.761535
왕십리역,환승역,37.561128,127.035505
청량리역,환승역,37.580543,127.046516
회기역,환승역,37.589802,127.057936
외대앞역,일반역,37.596157,127.063572
신이문역,일반역,37.601829,127.067347
석계역,환승역,37.615206,127.065594
광운대역,환승역,37.623635,127.061975
월계역,일반역,37.633114,127.058835
녹천역,일반역,37.644599,127.051406
창동역,환승역,37.653181,127.047663
방학역,일반역,37.667471,127.044295
도봉역,일반역,37.679441,127.045521
도봉산역,환승역,37.689603,127.046347
망월사역,일반역,37.710499,127.047361
회룡역,환승역,37.724037,127.047319
의정부역,일반역,37.73873,127.045891
가능역,일반역,37.748362,127.044251
녹양역,일반역,37.759416,127.042272
양주역,일반역,37.774281,127.044719
덕계역,일반역,37.818761,127.056676
덕정역,일반역,37.843216,127.061511
지행역,일반역,37.892361,127.055734
동두천중앙역,일반역,37.901818,127.056528
보산역,일반역,37.914268,127.057134
동두천역,일반역,37.927569,127.054825
소요산역,일반역,37.948608,127.061007
중랑역,환승역,37.594948,127.076152
상봉역,환승역,37.595254,127.085853
망우역,환승역,37.599288,127.092318
양원역,일반역,36.963209,129.091131
지평역,일반역,37.476496,127.629681
구리역,일반역,37.503178,126.882037
도농역,일반역,37.608756,127.161105
양정역,일반역,37.604269,127.194602
덕소역,일반역,37.586892,127.208835
도심역,일반역,37.579628,127.222798
팔당역,일반역,37.547321,127.243896
운길산역,일반역,37.554659,127.310089
양수역,일반역,37.545998,127.328948
신원역,일반역,37.525921,127.372745
국수역,일반역,37.516171,127.399402
아신역,일반역,37.513954,127.443238
오빈역,일반역,37.506061,127.474053
양평역,일반역,37.492674,127.491858
원덕역,일반역,37.468585,127.547468
용문역,일반역,37.482085,127.594251
서울숲역,일반역,37.543647,127.044686
압구정로데오역,일반역,37.527385,127.040555
강남구청역,환승역,37.517172,127.041275
선정릉역,환승역,37.510275,127.043817
선릉역,환승역,37.504479,127.048941
한티역,일반역,37.496208,127.052883
도곡역,환승역,37.490914,127.055393
구룡역,일반역,37.486985,127.059496
개포동역,일반역,37.489112,127.066027
대모산입구역,일반역,37.491347,127.072702
수서역,환승역,37.487633,127.101118
복정역,환승역,37.469753,127.126627
가천대역,일반역,37.448784,127.126677
태평역,일반역,37.439842,127.127746
모란역,환승역,37.432124,127.129064
야탑역,일반역,37.41132,127.128661
이매역,환승역,37.395846,127.128272
서현역,일반역,37.384931,127.123249
수내역,일반역,37.378435,127.114216
정자역,환승역,37.366037,127.108091
미금역,일반역,37.350078,127.108952
오리역,일반역,37.339832,127.108985
죽전역,일반역,37.324575,127.107385
보정역,일반역,37.31274,127.108219
구성역,일반역,37.299013,127.105664
신갈역,일반역,37.286127,127.111311
기흥역,환승역,37.275657,127.115944
상갈역,일반역,37.261797,127.108718
청명역,일반역,37.259485,127.078945
영통역,일반역,37.251521,127.071341
망포역,일반역,37.245793,127.057367
매탄권선역,일반역,37.252458,127.040824
수원시청역,일반역,37.261941,127.030736
매교역,일반역,37.265502,127.015657
신내역,일반역,37.612855,127.103277
갈매역,일반역,37.634135,127.114803
별내역,일반역,37.642221,127.127208
퇴계원역,일반역,37.648316,127.143858
사릉역,일반역,37.651145,127.176839
금곡역,일반역,37.637414,127.207931
평내호평역,일반역,37.653229,127.244452
천마산역,일반역,37.658995,127.285731
마석역,일반역,37.652328,127.311713
대성리역,일반역,37.683909,127.379165
청평역,일반역,37.735484,127.426541
상천역,일반역,37.770405,127.4542
가평역,일반역,37.814515,127.510693
굴봉산역,일반역,37.832086,127.557732
백양리역,일반역,37.830881,127.589085
강촌역,일반역,37.805728,127.634054
김유정역,일반역,37.818475,127.714302
남춘천역,일반역,37.864071,127.723761
춘천역,일반역,37.884391,127.716603
판교역,환승역,37.394798,127.111135
삼동역,일반역,37.408731,127.203447
경기광주역,일반역,37.398974,127.253201
초월역,일반역,37.373389,127.299996
곤지암역,일반역,37.350525,127.346186
신둔도예촌역,일반역,37.315499,127.405251
수원역,환승역,37.266162,126.999821
세류역,일반역,37.244102,127.013772
병점역,환승역,37.206821,127.033268
서동탄역,일반역,37.195675,127.051893
세마역,일반역,37.187288,127.043279
오산대역,일반역,37.169401,127.063081
오산역,일반역,37.145472,127.066708
진위역,일반역,37.109771,127.062342
송탄역,일반역,37.075376,127.054397
지제역,일반역,37.018822,127.070269
서정리역,일반역,37.056459,127.052844
평택역,일반역,36.990559,127.085496
구일역,일반역,37.496273,126.869599
개봉역,일반역,37.494698,126.858504
오류동역,일반역,37.4944,126.844551
온수역,환승역,37.492267,126.823399
역곡역,일반역,37.48514,126.811622
소사역,일반역,37.482755,126.795654
부천역,일반역,37.484066,126.782779
중동역,일반역,37.486664,126.764474
송내역,일반역,37.487626,126.753045
부개역,일반역,37.488479,126.740549
부평역,환승역,37.489457,126.724584
백운역,일반역,37.483301,126.707179
동암역,일반역,37.470835,126.703016
간석역,일반역,37.464689,126.693408
주안역,환승역,37.465041,126.680702
도화역,일반역,37.466154,126.66846
명학역,일반역,37.384435,126.935579
제물포역,일반역,37.466809,126.657165
도원역,일반역,37.468604,126.642824
동인천역,일반역,37.475414,126.632598
인천역,환승역,37.476364,126.616936
선바위역,일반역,37.451854,127.002164
경마공원역,일반역,37.443987,127.007899
대공원역,일반역,37.435724,127.006474
과천역,일반역,37.433205,126.996404
정부과천청사역,일반역,37.426445,126.989802
이천역,일반역,37.264222,127.442135
박촌역,일반역,37.553525,126.744946
부발역,일반역,37.260411,127.490303
세종대왕릉역,일반역,37.293636,127.570764
여주역,일반역,37.282881,127.628571
성환역,일반역,36.915781,127.127007
직산역,일반역,36.870921,127.143774
두정역,일반역,36.833791,127.148905
천안역,일반역,36.810238,127.146417
봉명역,일반역,36.801578,127.136319
쌍용(나사렛대)역,일반역,36.793745,127.121363
아산역,일반역,36.792195,127.105049
배방역,일반역,36.777541,127.052751
온양온천역,일반역,36.780419,127.003707
신창(순천향대)역,일반역,36.769213,126.950129
부전역,일반역,35.164668,129.06011
거제해맞이역,환승역,35.182197,129.069315
거제역,일반역,35.188587,129.073904
교대역,환승역,37.492975,127.013814
동래역,일반역,35.205614,129.078502
안락역,일반역,35.195907,129.101062
재송역,일반역,35.189,129.120919
센텀역,일반역,35.168921,129.131659
벡스코역,환승역,35.16899,129.13868
신해운대역,일반역,35.181832,129.176696
송정역,일반역,35.137559,126.791535
오시리아역,일반역,35.196256,129.208291
기장역,일반역,35.243027,129.218551
일광역,일반역,35.265565,129.233307
광명역,일반역,37.415995,126.884523
석수역,일반역,37.435161,126.902233
관악역,일반역,37.419578,126.908476
안양역,일반역,37.401929,126.922647
운정역,일반역,37.725441,126.767076
금릉역,일반역,37.751295,126.765401
금촌역,일반역,37.766106,126.774515
귤현역,일반역,37.566362,126.742498
월롱역,일반역,37.796201,126.792574
파주역,일반역,37.815391,126.792426
문산역,일반역,37.854565,126.787531
남영역,일반역,37.540597,126.971171
용산역,환승역,37.52989,126.964775
지축역,일반역,37.648114,126.913746
안산역,일반역,37.327006,126.788748
삼송역,일반역,37.653096,126.895559
원흥역,일반역,37.650709,126.873239
원당역,일반역,37.653103,126.842891
화정역,일반역,37.637837,126.832503
대곡역,환승역,37.631629,126.811025
백석역,일반역,37.642973,126.788109
마두역,일반역,37.652185,126.777641
정발산역,일반역,37.659709,126.773254
주엽역,일반역,37.670138,126.761232
대화역,일반역,37.675883,126.747756
이촌역,환승역,37.522476,126.973816
서빙고역,일반역,37.51961,126.988358
한남역,일반역,37.529361,127.008984
노량진역,환승역,37.514072,126.941671
대방역,일반역,37.513392,126.926407
신길역,환승역,37.517018,126.917743
영등포역,일반역,37.515756,126.907411
신도림역,환승역,37.508983,126.891513
구로역,환승역,37.503178,126.882037
가산디지털단지역,환승역,37.481568,126.882628
독산역,일반역,37.465994,126.889508
금천구청역,환승역,37.45576,126.894344
금정역,환승역,37.371957,126.943611
군포역,일반역,37.353732,126.948517
당정역,일반역,37.34338,126.948388
의왕역,일반역,37.320648,126.948099
성균관대역,일반역,37.300344,126.970861
화서역,일반역,37.28399,126.989581
수원(분당)역,환승역,37.266162,126.999821
인덕원역,일반역,37.401901,126.976818
평촌역,일반역,37.394346,126.963881
범계역,일반역,37.389783,126.950752
산본역,일반역,37.358019,126.932969
수리산역,일반역,37.350297,126.925537
대야미역,일반역,37.328304,126.917161
반월역,일반역,37.312244,126.903684
상록수역,일반역,37.302845,126.866533
중앙역,일반역,37.316055,126.838532
한대앞역,일반역,37.309685,126.853656
고잔역,일반역,37.316821,126.823094
초지역,일반역,37.320583,126.806151
신길온천역,일반역,37.337488,126.767306
정왕역,일반역,37.351816,126.742844
오이도역,환승역,37.361773,126.738437
고색역,일반역,37.248829,126.977899
오목천역,일반역,37.243011,126.9636354
어천역,일반역,37.250076,126.908805
야목역,일반역,37.261011,126.88429
사리역,일반역,37.289982,126.856872
한대앞역,환승역,37.309685,126.853656
중앙역,환승역,37.316055,126.838532
고잔역,환승역,37.316821,126.823094
초지역,환승역,37.320583,126.806151
안산역,환승역,37.327006,126.788748
신길온천역,환승역,37.337488,126.767306
정왕역,환승역,37.351816,126.742844
오이도역,환승역,37.361773,126.738437
달월역,일반역,37.379993,126.745431
월곶역,일반역,37.39189,126.742741
소래포구역,일반역,37.400963,126.733533
인천논현역,일반역,37.400641,126.722495
계양역,환승역,37.571539,126.736319
호구포역,일반역,37.401622,126.708682
남동인더스파크역,일반역,37.407868,126.695613
원인재역,환승역,37.412921,126.686952
연수역,일반역,37.417769,126.678991
송도역,일반역,37.417769,126.678991
인하대역,일반역,37.448191,126.649832
숭의역,일반역,37.460891,126.638035
신포역,일반역,37.468442,126.624509
옥수역,환승역,37.540514,127.018698
응봉역,일반역,37.550433,127.034824
인천역,환승역,37.476364,126.616936
각산역,일반역,35.868012,128.724389
안심역,일반역,35.871227,128.733739
문양역,일반역,35.864171,128.436969
다사역,일반역,35.8649583,128.4561083
대실역,일반역,35.8579028,128.4644392
강창역,일반역,35.8530713,128.4770843
계명대역,일반역,35.8511654,128.4909082
성서산업단지역,일반역,35.8516818,128.5068662
이곡역,일반역,35.850578,128.515776
용산역,일반역,35.849053,128.528702
죽전역,일반역,35.8503956,128.5381172
감삼역,일반역,35.8542327,128.5477848
두류역,일반역,35.8578873,128.5552363
내당역,일반역,35.860139,128.564636
반고개역,일반역,35.862248,128.572731
청라언덕역,환승역,35.864875,128.582358
반월당역,환승역,35.865513,128.593393
경대병원역,일반역,35.863183,128.602626
대구은행역,일반역,35.859777,128.614091
범어역,일반역,35.8590259,128.6238385
수성구청역,일반역,35.8585726,128.6360776
만촌역,일반역,35.8580984,128.6429934
담티역,일반역,35.8548283,128.6517483
연호역,일반역,35.8463606,128.6712747
대공원역,일반역,35.8426754,128.6797386
고산역,일반역,35.8428892,128.6928426
신매역,일반역,35.8408467,128.7045286
사월역,일반역,35.8369933,128.7134473
탑석역,일반역,37.7334668,127.0889285
지식정보단지역,일반역,37.378021,126.645412
인천대입구역,일반역,37.386239,126.639351
센트럴파크역,일반역,37.392833,126.635002
국제업무지구역,일반역,37.400464,126.630094
검단오류역,일반역,37.595162,126.629206
왕길역,일반역,37.592191,126.642284
검단사거리역,일반역,37.601693,126.656545
마전역,일반역,37.597756,126.667195
완정역,일반역,37.592867,126.672961
독정역,일반역,37.584927,126.675981
검암역,환승역,37.568611,126.671221
검바위역,일반역,37.561091,126.677529
아시아드경기장역,일반역,37.551373,126.677075
서구청역,일반역,37.543839,126.676795
가정(루원시티)역,일반역,37.524805,126.675387
가정중앙시장역,일반역,37.517511,126.676784
석남(거북시장)역,일반역,37.507211,126.676304
영대병원역,일반역,35.844269,128.586057
교대역,일반역,35.851106,128.588432
명덕역,환승역,35.8580257,128.5824361
반월당역,환승역,35.864678,128.591147
중앙로역,일반역,35.870913,128.591799
대구역,일반역,35.8763691,128.5884861
칠성시장역,일반역,35.876141,128.602971
양촌역,일반역,37.64179203,126.6146219
구래역,일반역,37.6453934,126.628576
마산역,일반역,37.64060947,126.6440072
장기역,일반역,37.64405889,126.6690798
운양역,일반역,37.65376915,126.6838479
걸포북변역,일반역,37.63164148,126.705778
사우(김포시청)역,일반역,37.62035224,126.7196954
서부여성회관역,일반역,37.500298,126.675875
인천가좌역,일반역,37.493762,126.675465
가재울역,일반역,37.484152,126.683883
주안국가산단역,일반역,37.473599,126.681702
주안역,환승역,37.465517,126.680441
시민공원역,일반역,37.458739,126.680091
석바위시장역,일반역,37.457659,126.692387
인천시청역,환승역,37.456904,126.701523
석천사거리역,일반역,37.4569323,126.710383
모래내시장역,일반역,37.455842,126.719578
만수역,일반역,37.454962,126.731764
남동구청역,일반역,37.448179,123.736581
인천대공원역,일반역,37.448475,126.753051
운연역,일반역,37.437924,126.759409
발곡역,일반역,37.7269917,127.0529098
회룡역,환승역,37.7250156,127.0471082
범골역,일반역,37.728796,127.0436639
경전철의정부역,일반역,37.7373859,127.043314
의정부시청역,일반역,37.7392416,127.0348664
흥선역,일반역,37.7432842,127.0371212
의정부중앙역,일반역,37.7436839,127.0496634
동오역,일반역,37.7452685,127.056979
새말역,일반역,37.7488688,127.0637846
경기도청북부청사역,일반역,37.7507731,127.0716075
효자역,일반역,37.7539992,127.0772808
곤제역,일반역,37.7505337,127.083846
어룡역,일반역,37.7426961,127.0852263
송산역,일반역,37.737262,127.0872261
탑석역,일반역,37.7334668,127.0889285
미사역,일반역,37.5631234,127.1932345
하남풍산역,일반역,37.5512453,127.2031234
사상역,환승역,35.162305,128.985784
괘법르네시떼역,일반역,35.16331,128.977737
서부산유통지구역,일반역,35.166435,128.954807
공항역,일반역,35.171929,128.948574
덕두역,일반역,35.182006,128.954217
등구역,일반역,35.196194,128.963551
대저역,환승역,35.213056,128.960647
평강역,일반역,35.214048,128.950756
대사역,일반역,35.217686,128.938423
불암역,일반역,35.222192,128.927875
지내역,일반역,35.227492,128.923782
김해대학역,일반역,35.229015,128.915561
인제대역,일반역,35.2281,128.901761
김해시청역,일반역,35.227077,128.890425
부원역,일반역,35.226489,128.884
봉황역,일반역,35.227266,128.874381
수로왕릉역,일반역,35.232824,128.872207
박물관역,일반역,35.240072,128.871905
연지공원역,일반역,35.2496,128.869287
장신대역,일반역,35.259544,128.867202
가야대역,일반역,35.266785,128.865
신천역,일반역,37.511624,127.083391
동대구역,일반역,35.877303,128.627513
동구청역,일반역,35.8838366,128.6316231
아양교역,일반역,35.887162,128.6375663
동촌역,일반역,35.886159,128.649053
해안역,일반역,35.8838981,128.6593108
방촌역,일반역,35.879692,128.669976
용계역,일반역,35.876273,128.681415
율하역,일반역,35.869579,128.693032
신기역,일반역,35.866759,128.701658
반야월역,일반역,35.865999,128.713553
설화명곡역,일반역,35.7987183,128.4893178
화원역,일반역,35.8043566,128.5004042
대곡역,일반역,35.809497,128.510391
진천역,일반역,35.813826,128.520397
월배역,일반역,35.816276,128.528392
상인역,일반역,35.818966,128.535684
월촌역,일반역,35.823688,128.543277
송현역,일반역,35.831079,128.549562
성당못역,일반역,35.837471,128.555224
대명역,일반역,35.839302,128.563288
안지랑역,일반역,35.839243,128.571705
현충로역,일반역,35.840911,128.579194
풍무역,일반역,37.61243514,126.7324441
고촌역,일반역,37.60121656,126.7703242
김포공항역,환승역,37.56233524,126.8019511
판암역,일반역,36.316896,127.458264
신흥역,일반역,36.319652,127.448792
대동역,일반역,36.329532,127.442848
대전역,일반역,36.331583,127.433118
중앙로역,일반역,36.328664,127.425842
중구청역,일반역,36.324831,127.419627
서대전네거리역,일반역,36.322416,127.412518
오룡역,일반역,36.328582,127.405046
용문역,일반역,36.338252,127.393317
탄방역,일반역,36.34544,127.384603
시청역,일반역,36.351673,127.386739
정부청사역,일반역,36.357661,127.381047
갈마역,일반역,36.357522,127.372632
월평역,일반역,36.358272,127.364382
갑천역,일반역,36.354578,127.354467
유성온천역,일반역,36.353689,127.341524
구암역,일반역,36.356605,127.33083
현충원역,일반역,36.359021,127.321525
월드컵경기장역,일반역,36.366825,127.317859
노은역,일반역,36.37415,127.317835
지족역,일반역,36.384106,127.319501
반석역,일반역,36.392128,127.314581
중동역,일반역,35.1667,129.168604
해운대역,일반역,35.163672,129.158908
동백역,일반역,35.161484,129.147897
시립미술관역,일반역,35.168844,129.138933
센텀시티역,일반역,35.168827,129.131745
민락역,일반역,35.167228,129.121909
수영역,환승역,35.165227,129.114713
광안역,일반역,35.157916,129.113168
금련산역,일반역,35.149771,129.110961
남천역,일반역,35.142139,129.107978
경성대부경대역,일반역,35.137585,129.100548
대연역,일반역,35.135153,129.092161
못골역,일반역,35.134731,129.084415
지게골역,일반역,35.135574,129.074365
문현역,일반역,35.139151,129.067399
국제금융센터부산은행역,일반역,35.145817,129.066755
전포역,일반역,35.153102,129.065374
서면역(2호선)역,환승역,35.15774,129.059084
부암역,일반역,35.157444,129.050185
가야역,일반역,35.155883,129.042817
동의대역,일반역,35.153986,129.03275
개금역,일반역,35.153284,129.020533
냉정역,일반역,35.151254,129.012255
주례역,일반역,35.150508,129.003077
감전역,일반역,35.155528,128.991146
사상역,환승역,35.162361,128.984621
덕포역,일반역,35.173754,128.983955
모덕역,일반역,35.180366,128.985621
모라역,일반역,35.189663,128.988655
구남역,일반역,35.196804,128.994928
구명역,일반역,35.20252,128.999322
덕천역(2호선)역,환승역,35.210219,129.005673
수정역,일반역,35.223356,129.009198
화명역,일반역,35.236278,129.013918
율리역,일반역,35.246714,129.012918
동원역,일반역,35.258656,129.012392
금곡역,일반역,35.267248,129.0169054
호포역,일반역,35.280406,129.017097
증산역,일반역,35.308302,129.010246
부산대양산캠퍼스역,일반역,35.316955,129.0139408
남양산역,일반역,35.325359,129.019457
양산역,일반역,35.33872773,129.026391
기흥역,환승역,37.275657,127.115944
강남대역,일반역,37.270171,127.126023
지석역,일반역,37.269691,127.1366815
어정역,일반역,37.275311,127.143774
동백역,일반역,37.269111,127.152716
초당역,일반역,37.260823,127.159465
삼가역,일반역,37.242103,127.168141
시청-용인대역,일반역,37.239426,127.178856
명지대역,일반역,37.2380254,127.1911514
김량장역,일반역,37.237293,127.198671
운동장-송담대역,일반역,37.237891,127.209046
고진역,일반역,37.244643,127.214168
보평역,일반역,37.2589472,127.218533
둔전역,일반역,37.267201,127.213619
전대-에버랜드역,일반역,37.285405,127.219491
동대문역,환승역,37.57129132,127.0101189
신설동역,환승역,37.57528723,127.0249104
제기동역,일반역,37.57812027,127.0344966
청량리역,환승역,37.5801441,127.0457768
동묘앞역,환승역,37.57253741,127.0155932
까치산역,일반역,37.53168373,126.8467432
시청역,환승역,37.56461852,126.9760864
을지로입구역,일반역,37.56597747,126.9825045
을지로3가역,환승역,37.56634826,126.991482
을지로4가역,환승역,37.56682797,126.9979016
잠실새내역,일반역,37.51141143,127.0860068
종합운동장역,환승역,37.51106095,127.073542
삼성역,일반역,37.5086936,127.063165
선릉역,환승역,37.50437895,127.0486966
역삼역,일반역,37.50054496,127.0363944
강남역,환승역,37.49720244,127.0280537
교대역,환승역,37.49320061,127.0142237
서초역,일반역,37.49178284,127.0075972
방배역,일반역,37.48130245,126.997636
사당역,환승역,37.4767992,126.9816245
낙성대역,일반역,37.47692607,126.9636002
서울대입구역,일반역,37.48103059,126.9526269
봉천역,일반역,37.48245978,126.9418478
신림역,일반역,37.48420085,126.9295937
신대방역,일반역,37.48741288,126.9135942
구로디지털단지역,일반역,37.48516215,126.9014847
대림역,일반역,37.49307207,126.8957105
신도림역,환승역,37.50874994,126.8912511
문래역,일반역,37.51779736,126.8945439
영등포구청역,환승역,37.52524847,126.8958333
당산역,환승역,37.53425753,126.9024241
합정역,환승역,37.54959888,126.9141239
홍대입구역,환승역,37.55701523,126.9249829
신촌역,일반역,37.555342,126.9368826
이대역,일반역,37.55672128,126.945801
아현역,일반역,37.55721977,126.9561295
충정로역,환승역,37.56022847,126.9634503
용답역,일반역,37.56183232,127.050871
신답역,일반역,37.56961893,127.0468598
신설동역,환승역,37.57519632,127.0248584
도림천역,일반역,37.51420522,126.8827022
양천구청역,일반역,37.51205148,126.8656075
신정네거리역,일반역,37.51999688,126.8528986
용두역,일반역,37.57389197,127.0379098
지축역,일반역,37.64793834,126.9137407
구파발역,일반역,37.63664912,126.9187832
연신내역,환승역,37.61881292,126.9208158
불광역,환승역,37.61013354,126.9296281
녹번역,일반역,37.60085525,126.935753
홍제역,일반역,37.58852355,126.944165
무악재역,일반역,37.58211864,126.9501814
독립문역,일반역,37.57448506,126.9578508
경복궁역,일반역,37.57560542,126.9734832
안국역,일반역,37.57666379,126.9854787
종로3가역,환승역,37.57139366,126.9914115
을지로3가역,환승역,37.56634826,126.991482
충무로역,환승역,37.56140209,126.9943556
동대입구역,일반역,37.55883276,127.0052813
약수역,일반역,37.5544519,127.0104682
금호역,일반역,37.54800401,127.0156615
옥수역,환승역,37.5414877,127.0177608
압구정역,일반역,37.52668639,127.0283697
신사역,일반역,37.51618776,127.020092
잠원역,일반역,37.51282982,127.0112442
고속터미널역,환승역,37.50436623,127.0049403
답십리역,일반역,37.56690598,127.0524701
교대역,환승역,37.49320061,127.0140237
남부터미널역,일반역,37.48482472,127.0161898
양재역,환승역,37.48381174,127.0345768
매봉역,일반역,37.48684644,127.0467037
도곡역,환승역,37.49082524,127.0553484
대치역,일반역,37.4942795,127.0632665
학여울역,일반역,37.49655351,127.0713676
대청역,일반역,37.49346096,127.079515
일원역,일반역,37.48382242,127.0843143
수서역,환승역,37.48716257,127.101553
가락시장역,환승역,37.49276539,127.1178996
경찰병원역,일반역,37.49576539,127.1242996
오금역,환승역,37.50216539,127.1278996
당고개역,일반역,37.67032572,127.0789555
상계역,일반역,37.66090497,127.0731287
노원역,환승역,37.6551493,127.0624948
창동역,환승역,37.65312232,127.0476886
쌍문역,일반역,37.64853159,127.0345002
수유역,일반역,37.63796529,127.0254433
미아역,일반역,37.62657144,127.0258287
미아사거리역,일반역,37.61325241,127.0298981
길음역,일반역,37.6035085,127.0249611
성신여대입구역,환승역,37.5927377,127.0163071
한성대입구역,일반역,37.58838493,127.0059994
혜화역,일반역,37.58228892,127.0016857
동대문역,환승역,37.57089132,127.0101189
동대문역사문화공원역,환승역,37.56507829,127.0071679
충무로역,환승역,37.56120209,126.9943556
명동역,일반역,37.56075073,126.9862482
회현역,일반역,37.55851662,126.9781303
서울역,환승역,37.55356539,126.9724996
숙대입구역,일반역,37.54467788,126.9719943
삼각지역,환승역,37.53475857,126.9734308
신용산역,일반역,37.5292129,126.9677003
이촌역,환승역,37.52234094,126.9741382
동작역,환승역,37.50300413,126.9790224
총신대입구역,환승역,37.48678247,126.981945
사당역,환승역,37.4767992,126.9814245
남태령역,일반역,37.46424858,126.9888363
방화역,일반역,37.57729066,126.8127115
개화산역,일반역,37.57231242,126.8062885
김포공항역,환승역,37.5622601,126.8014703
송정역,일반역,37.56115795,126.811792
마곡역,일반역,37.56025035,126.8248665
발산역,일반역,37.55848385,126.837456
우장산역,일반역,37.54886035,126.8363531
화곡역,일반역,37.54175707,126.8402952
까치산역,환승역,37.53168373,126.8467432
신정역,일반역,37.52501081,126.8562294
목동역,일반역,37.52586671,126.8645757
오목교역,일반역,37.52436614,126.8750582
양평역,일반역,37.52558457,126.8862032
영등포구청역,환승역,37.52524847,126.8958333
영등포시장역,일반역,37.52274531,126.9047596
신길역,환승역,37.51742655,126.916543
여의도역,환승역,37.52165166,126.9242291
여의나루역,일반역,37.52707204,126.9328665
마포역,일반역,37.53956668,126.9457536
공덕역,환승역,37.54412449,126.9513584
애오개역,일반역,37.5535295,126.956632
충정로역,환승역,37.56022847,126.9636503
서대문역,일반역,37.56573781,126.9665864
광화문역,일반역,37.5708165,126.9762129
종로3가역,환승역,37.57139366,126.9912115
을지로4가역,환승역,37.56702797,126.9979016
동대문역사문화공원역,환승역,37.56507829,127.0071679
청구역,환승역,37.56021257,127.0137698
신금호역,일반역,37.55440938,127.0205515
행당역,일반역,37.55754312,127.0296931
왕십리역,환승역,37.56172516,127.0369076
마장역,일반역,37.56620675,127.0429769
장한평역,일반역,37.56153057,127.0642826
군자역,환승역,37.55713392,127.079433
아차산역,일반역,37.55203633,127.0896015
광나루역,일반역,37.5450481,127.1035121
천호역,일반역,37.53842355,127.1236234
강동역,일반역,37.53587886,127.132079
길동역,일반역,37.53794494,127.1400433
굽은다리역,일반역,37.54537927,127.1428116
명일역,일반역,37.55149734,127.1439883
고덕역,일반역,37.55503473,127.1540785
상일동역,일반역,37.55658759,127.1652632
둔촌동역,일반역,37.52774726,127.136296
올림픽공원역,환승역,37.51620079,127.1308803
방이역,일반역,37.50865738,127.1260716
오금역,환승역,37.50196105,127.1277379
개롱역,일반역,37.49782678,127.1348328
거여역,일반역,37.49316744,127.1436672
마천역,일반역,37.49495884,127.152476
응암역,일반역,37.59853005,126.9155088
역촌역,일반역,37.60625985,126.9227732
불광역,환승역,37.61033354,126.9298281
독바위역,일반역,37.61844071,126.9329961
연신내역,환승역,37.61881292,126.9206158
구산역,일반역,37.61125852,126.9171923
새절역,일반역,37.59099413,126.9136601
증산역,일반역,37.58375597,126.9094115
디지털미디어시티역,환승역,37.57663026,126.8996845
월드컵경기장역,일반역,37.56938269,126.8990612
마포구청역,일반역,37.56350657,126.9031935
망원역,일반역,37.55594386,126.9098166
합정역,환승역,37.54979888,126.9141239
상수역,일반역,37.54776978,126.9225838
광흥창역,일반역,37.54746977,126.9318177
대흥역,일반역,37.54766489,126.9422206
공덕역,환승역,37.54354807,126.9518977
효창공원앞역,환승역,37.539542,126.961371
삼각지역,환승역,37.53471155,126.9733777
녹사평역,일반역,37.53464201,126.9867518
이태원역,일반역,37.53449861,126.994038
한강진역,일반역,37.53974445,127.0014826
버티고개역,일반역,37.54806951,127.0066086
약수역,환승역,37.5542519,127.0104682
청구역,환승역,37.56021257,127.0135698
신당역,환승역,37.56582912,127.0181023
동묘앞역,환승역,37.57226031,127.0158732
창신역,일반역,37.57934562,127.0151078
보문역,환승역,37.58543035,127.0192192
안암역,일반역,37.58623045,127.0292203
고려대역,일반역,37.59033908,127.0358642
월곡역,일반역,37.6020753,127.0414221
상월곡역,일반역,37.60632242,127.0485887
돌곶이역,일반역,37.61052771,127.0564482
석계역,환승역,37.61498323,127.0655612
태릉입구역,환승역,37.61796533,127.0748937
화랑대역,일반역,37.62013061,127.0844264
봉화산역,일반역,37.61747193,127.0910857
신내역,환승역,37.61264135,127.103395
장암역,일반역,37.69984712,127.0527785
도봉산역,환승역,37.68923188,127.0461005
수락산역,일반역,37.67791554,127.0552343
마들역,일반역,37.66516233,127.0573337
노원역,환승역,37.65496036,127.0620053
중계역,일반역,37.64521691,127.0640831
하계역,일반역,37.63642687,127.0678149
공릉역,일반역,37.62551321,127.0728236
태릉입구역,환승역,37.61816533,127.0746937
먹골역,일반역,37.61073429,127.0775891
중화역,일반역,37.60251645,127.079253
상봉역,환승역,37.59608092,127.0853862
면목역,일반역,37.58852412,127.0874251
사가정역,일반역,37.58101455,127.0884688
용마산역,일반역,37.5736549,127.0865586
중곡역,일반역,37.56568111,127.0841504
군자역,환승역,37.55713392,127.079433
어린이대공원역,일반역,37.54780394,127.0745637
건대입구역,환승역,37.54060889,127.0698628
뚝섬유원지역,일반역,37.53125616,127.0666673
청담역,일반역,37.5195959,127.0537514
강남구청역,환승역,37.51714842,127.0411628
학동역,일반역,37.51428621,127.0317362
논현역,일반역,37.51118691,127.0212831
반포역,일반역,37.50820769,127.011532
고속터미널역,환승역,37.50436623,127.0045403
내방역,일반역,37.4875118,126.9932223
이수역,환승역,37.48658247,126.981745
남성역,일반역,37.48453469,126.9712351
숭실대입구역,일반역,37.4961804,126.9534722
상도역,일반역,37.50285237,126.9477417
장승배기역,일반역,37.50482108,126.9388623
신대방삼거리역,일반역,37.49968797,126.9280519
보라매역,일반역,37.49989004,126.9203052
신풍역,일반역,37.50008919,126.9098598
대림역,환승역,37.49307207,126.8959105
남구로역,일반역,37.48613283,126.8873355
가산디지털단지역,환승역,37.48121776,126.8825816
철산역,일반역,37.47611739,126.8680062
광명사거리역,일반역,37.47941898,126.8547278
천왕역,일반역,37.48661459,126.8386245
온수역,환승역,37.49215924,126.8237047
까치울역,일반역,37.50632983,126.8113309
부천종합운동장역,일반역,37.50544153,126.7972468
춘의역,일반역,37.50372821,126.7868467
신중동역,일반역,37.50308369,126.776328
부천시청역,일반역,37.50454132,126.7637332
상동역,일반역,37.50570416,126.7529908
삼산체육관역,일반역,37.50636043,126.7417749
굴포천역,일반역,37.50708334,126.7311071
부평구청역,환승역,37.50795782,126.7211284
암사역,일반역,37.54997529,127.1274183
천호역,환승역,37.53842355,127.1236234
강동구청역,일반역,37.53047081,127.1202691
몽촌토성역,일반역,37.51742473,127.1123921
잠실역,환승역,37.51386481,127.1024965
석촌역,환승역,37.50535113,127.1069303
송파역,일반역,37.4997227,127.1118647
가락시장역,환승역,37.49292332,127.1180741
문정역,일반역,37.4859849,127.1222272
장지역,일반역,37.47839756,127.1260529
복정역,환승역,37.47008981,127.1264714
산성역,일반역,37.45668074,127.1498131
남한산성입구역,일반역,37.45156254,127.1597963
단대오거리역,일반역,37.44512808,127.1566517
신흥역,일반역,37.44088706,127.1473884
수진역,일반역,37.43732537,127.1406475
모란역,환승역,37.43291644,127.1294298
언주역,일반역,37.50744596,127.0342849
선정릉역,환승역,37.51085355,127.043641
삼성중앙역,일반역,37.51288248,127.052705
봉은사역,일반역,37.51436096,127.0608922
종합운동장역,환승역,37.51096913,127.0733558
삼전역,일반역,37.50474464,127.0877814
석촌고분역,일반역,37.50202826,127.0966224
석촌역,환승역,37.50594926,127.1063458
송파나루역,일반역,37.51012026,127.1131234
한성백제역,일반역,37.51686537,127.118185
올림픽공원역,환승역,37.51608795,127.1306004
둔촌오륜역,일반역,37.51797547,127.1401702
중앙보훈병원역,일반역,37.52961418,127.142757
